Workbook

Sheet Sheet1
A1: Column1 | B1: Column2 | C1: Column3 | D1: Column4 | E1: Column5 | F1: Column6 | G1: Column7 | H1: Column8 | I1: Column9 | J1: Column10 | K1: Column11 | L1: Column12 | M1: Column13
A2: Bonus | B2: 2500 | C2: OA | D2: 0.1
A3: sno | B3: Name | C3: Salary | D3: Salary+Bonus | E3: OA | F3: net salary | G3: Column1 | H3: Email | I3: Contactno | J3: Address | K3: Sum
A4: 1 | B4: abc | C4: 12345 | D4: =Sheet1!$C4+$B$2 -> 14845 | E4: =D4*D$2 -> 1484.5 | F4: =D4+E4 -> 16329.5 | G4: =IF($F4>50000,TRUE,FALSE) -> FALSE | H4: abc@gmail.com | I4: 123456 | J4: 123, ring road, ahmedabad | K4: a | L4: b | M4: c=a+b
A5: 2 | B5: def | C5: 67890 | D5: =Sheet1!$C5+$B$2 -> 70390 | E5: =D5*D$2 -> 7039 | F5: =D5+E5 -> 77429 | G5: =IF($F5>50000,TRUE,FALSE) -> TRUE | H5: def@outlook.com | I5: 789012 | J5: 456, mahadev colony, vapi | K5: 12 | L5: 56 | M5: =K5+L5 -> 68
A6: 3 | B6: ghi | C6: 98760 | D6: =Sheet1!$C6+$B$2 -> 101260 | E6: =D6*D$2 -> 10126 | F6: =D6+E6 -> 111386 | G6: =IF($F6>50000,TRUE,FALSE) -> TRUE | H6: ghi@gmail.com | I6: 345678 | J6: 789, vivaanta, ringroad | K6: 34 | L6: 78 | M6: =K6+L6 -> 112
A7: 4 | B7: jkl | C7: 54321 | D7: =Sheet1!$C7+$B$2 -> 56821 | E7: =D7*D$2 -> 5682.1 | F7: =D7+E7 -> 62503.1 | G7: =IF($F7>50000,TRUE,FALSE) -> TRUE | H7: jkl@gmail.com | I7: 901234 | J7: 908, lily flats, ahmedabad
A8: 5 | B8: mno | C8: 12345 | D8: =Sheet1!$C8+$B$2 -> 14845 | E8: =D8*D$2 -> 1484.5 | F8: =D8+E8 -> 16329.5 | G8: =IF($F8>50000,TRUE,FALSE) -> FALSE | H8: mno@gmail.com | I8: 567890 | J8: 765, rajendra colony, surat
A9: 6 | B9: pqr | C9: 67890 | D9: =Sheet1!$C9+$B$2 -> 70390 | E9: =D9*D$2 -> 7039 | F9: =D9+E9 -> 77429 | G9: =IF($F9>50000,TRUE,FALSE) -> TRUE | H9: pqr@gmail.com | I9: 987654 | J9: 432, tea circle, ahmedabad
A10: 7 | B10: stu | C10: 98760 | D10: =Sheet1!$C10+$B$2 -> 101260 | E10: =D10*D$2 -> 10126 | F10: =D10+E10 -> 111386 | G10: =IF($F10>50000,TRUE,FALSE) -> TRUE | H10: stu@gmail.com | I10: 321098 | J10: 123, ring road, ahmedabad
A11: 8 | B11: vwx | C11: 54321 | D11: =Sheet1!$C11+$B$2 -> 56821 | E11: =D11*D$2 -> 5682.1 | F11: =D11+E11 -> 62503.1 | G11: =IF($F11>50000,TRUE,FALSE) -> TRUE | H11: vwx@gmail.com | I11: 765432 | J11: 456, mahadev colony, vapi
A12: 9 | B12: yza | C12: 12345 | D12: =Sheet1!$C12+$B$2 -> 14845 | E12: =D12*D$2 -> 1484.5 | F12: =D12+E12 -> 16329.5 | G12: =IF($F12>50000,TRUE,FALSE) -> FALSE | H12: yza@gmail.com | I12: 109876 | J12: 789, vivaanta, ringroad
A13: 10 | B13: bcd | C13: 67890 | D13: =Sheet1!$C13+$B$2 -> 70390 | E13: =D13*D$2 -> 7039 | F13: =D13+E13 -> 77429 | G13: =IF($F13>50000,TRUE,FALSE) -> TRUE | H13: bcd@gmail.com | I13: 543210 | J13: 908, lily flats, ahmedabad

Sheet Sheet3
A1: Rollno | B1: Name | C1: Math | D1: Science | E1: English | F1: Result | G1: Percentage | H1: grade
A2: 101 | B2: abc | C2: 90 | D2: 55 | E2: 80 | F2: =IF(AND(C2>34,D2>34,E2>34),"Pass","Fail") -> Pass | G2: =IF(F2="Pass",AVERAGE(C2,D2,E2)/100,F2) -> 0.75 | H2: =IF(F2="pass",IF(G2>90%,"A+",IF(G2>80%,"A",IF(G2>70%,"B+",IF(G2>60%,"B","C")))),F2) -> B+
A3: 102 | B3: def | C3: 87 | D3: 92 | E3: 70 | F3: =IF(AND(C3>34,D3>34,E3>34),"Pass","fail") -> Pass | G3: =IF(F3="Pass",AVERAGE(C3,D3,E3)/100,F3) -> 0.83 | H3: =IF(F3="pass",IF(G3>90%,"A+",IF(G3>80%,"A",IF(G3>70%,"B+",IF(G3>60%,"B","C")))),F3) -> A
A4: 103 | B4: ghi | C4: 65 | D4: 83 | E4: 60 | F4: =IF(AND(C4>34,D4>34,E4>34),"Pass","fail") -> Pass | G4: =IF(F4="Pass",AVERAGE(C4,D4,E4)/100,F4) -> 0.69333333 | H4: =IF(F4="pass",IF(G4>90%,"A+",IF(G4>80%,"A",IF(G4>70%,"B+",IF(G4>60%,"B","C")))),F4) -> B
A5: 104 | B5: jkl | C5: 43 | D5: 74 | E5: 50 | F5: =IF(AND(C5>34,D5>34,E5>34),"Pass","fail") -> Pass | G5: =IF(F5="Pass",AVERAGE(C5,D5,E5)/100,F5) -> 0.55666667 | H5: =IF(F5="pass",IF(G5>90%,"A+",IF(G5>80%,"A",IF(G5>70%,"B+",IF(G5>60%,"B","C")))),F5) -> C
A6: 105 | B6: mno | C6: 21 | D6: 65 | E6: 40 | F6: =IF(AND(C6>34,D6>34,E6>34),"Pass","fail") -> fail | G6: =IF(F6="Pass",AVERAGE(C6,D6,E6)/100,F6) -> fail | H6: =IF(F6="pass",IF(G6>90%,"A+",IF(G6>80%,"A",IF(G6>70%,"B+",IF(G6>60%,"B","C")))),F6) -> fail
A7: 106 | B7: pqr | C7: 56 | D7: 56 | E7: 78 | F7: =IF(AND(C7>34,D7>34,E7>34),"Pass","fail") -> Pass | G7: =IF(F7="Pass",AVERAGE(C7,D7,E7)/100,F7) -> 0.63333333 | H7: =IF(F7="pass",IF(G7>90%,"A+",IF(G7>80%,"A",IF(G7>70%,"B+",IF(G7>60%,"B","C")))),F7) -> B
A8: 107 | B8: stu | C8: 34 | D8: 47 | E8: 68 | F8: =IF(AND(C8>34,D8>34,E8>34),"Pass","fail") -> fail | G8: =IF(F8="Pass",AVERAGE(C8,D8,E8)/100,F8) -> fail | H8: =IF(F8="pass",IF(G8>90%,"A+",IF(G8>80%,"A",IF(G8>70%,"B+",IF(G8>60%,"B","C")))),F8) -> fail
A9: 108 | B9: vwx | C9: 56 | D9: 38 | E9: 45 | F9: =IF(AND(C9>34,D9>34,E9>34),"Pass","fail") -> Pass | G9: =IF(F9="Pass",AVERAGE(C9,D9,E9)/100,F9) -> 0.46333333 | H9: =IF(F9="pass",IF(G9>90%,"A+",IF(G9>80%,"A",IF(G9>70%,"B+",IF(G9>60%,"B","C")))),F9) -> C
A10: 109 | B10: yza | C10: 78 | D10: 29 | E10: 99 | F10: =IF(AND(C10>34,D10>34,E10>34),"Pass","fail") -> fail | G10: =IF(F10="Pass",AVERAGE(C10,D10,E10)/100,F10) -> fail | H10: =IF(F10="pass",IF(G10>90%,"A+",IF(G10>80%,"A",IF(G10>70%,"B+",IF(G10>60%,"B","C")))),F10) -> fail | I10: =G2<>"fail" -> TRUE
A11: 110 | B11: bcd | C11: 90 | D11: 99 | E11: 88 | F11: =IF(AND(C11>34,D11>34,E11>34),"Pass","fail") -> Pass | G11: =IF(F11="Pass",AVERAGE(C11,D11,E11)/100,F11) -> 0.92333333 | H11: =IF(F11="pass",IF(G11>90%,"A+",IF(G11>80%,"A",IF(G11>70%,"B+",IF(G11>60%,"B","C")))),F11) -> A+
